"id","name","swings_competitive","percent_swings_competitive","contact","avg_bat_speed","hard_swing_rate","squared_up_per_bat_contact","squared_up_per_swing","blast_per_bat_contact","blast_per_swing","swing_length","swords","batter_run_value","whiffs","whiff_per_swing","batted_ball_events","batted_ball_event_per_swing"
519317,"Stanton, Giancarlo",715,0.913154533844189,485,"81.224575608",0.9860139860139858,0.29896907216494845,0.20279720279720279,0.27628865979381445,0.1874125874125874,"8.564391343",14,0.2723936911172663,230,0.32167832167832167,252,0.35244755244755244
665833,"Cruz, Oneil",876,0.9125,590,"78.564221598",0.7557077625570776,0.34067796610169493,0.22945205479452055,0.2457627118644068,0.16552511415525115,"7.664186142",9,-9.78232019516209,286,0.3264840182648402,304,0.3470319634703196
656941,"Schwarber, Kyle",959,0.9047169811320754,687,"77.516124338",0.7799791449426489,0.3245997088791849,0.23253388946819603,0.22998544395924309,0.16475495307612095,"7.710202054",35,-6.889154706314933,272,0.28362877997914493,344,0.3587069864442127
592450,"Judge, Aaron",1010,0.912375790424571,721,"77.146849535",0.7475247524752476,0.33841886269070737,0.24158415841584158,0.2579750346740638,0.18415841584158416,"8.178267574",14,52.21014842331216,289,0.2861386138613861,343,0.33960396039603963
666176,"Adell, Jo",797,0.9046538024971623,578,"76.674033049",0.658720200752823,0.2508650519031142,0.18193224592220827,0.1522491349480969,0.11041405269761606,"7.555006148",20,-18.52181296001368,219,0.27478042659974905,262,0.328732747804266
656305,"Chapman, Matt",990,0.9049360146252285,757,"76.599640596",0.6414141414141415,0.2813738441215324,0.21515151515151515,0.18494055482166447,0.1414141414141414,"7.451106121",21,-4.110118880408529,233,0.23535353535353534,348,0.3515151515151515
670541,"Alvarez, Yordan",914,0.913086913086913,741,"76.545736991",0.6301969365426696,0.3427800269905533,0.2778993435448578,0.22402159244264508,0.18161925601750548,"7.582607888",1,23.156524913917927,173,0.18927789934354486,406,0.4442013129102845
660271,"Ohtani, Shohei",1129,0.9068273092369478,803,"76.29870178",0.6395039858281663,0.386052303860523,0.2745792736935341,0.2577833125778331,0.183348095659876,"7.740923516",10,35.10353607653373,326,0.2887511071744907,420,0.3720106288751107
683002,"Henderson, Gunnar",1109,0.9038304808475958,868,"76.28623982",0.6447249774571686,0.3225806451612903,0.25247971145175835,0.22811059907834103,0.17853922452660054,"7.233485852",20,-5.457286326778579,241,0.21731289449954913,429,0.38683498647430115
677594,"Rodríguez, Julio",1093,0.9055509527754764,768,"76.258332077",0.6340347666971636,0.2955729166666667,0.20768526989935956,0.20572916666666666,0.1445562671546203,"7.899078454",30,-14.50228802784035,325,0.29734675205855443,359,0.3284537968892955
666624,"Morel, Christopher",956,0.9053030303030303,636,"76.088461255",0.6474895397489537,0.3018867924528302,0.200836820083682,0.1761006289308176,0.11715481171548117,"8.016552824",24,-34.159063540109685,320,0.33472803347280333,333,0.348326359832636
665489,"Guerrero Jr., Vladimir",1046,0.9095652173913044,840,"75.877687505",0.5745697896749524,0.34523809523809523,0.27724665391969405,0.24166666666666667,0.19407265774378585,"7.739410296",9,24.317748321153058,206,0.19694072657743786,443,0.4235181644359465
665742,"Soto, Juan",921,0.9056047197640118,748,"75.428274083",0.5917480998914224,0.393048128342246,0.31921824104234525,0.25267379679144386,0.20521172638436483,"7.287238654",28,13.588277081039136,173,0.18783930510314875,409,0.44408251900108575
624585,"Soler, Jorge",881,0.9082474226804124,644,"75.406534926",0.5664018161180477,0.296583850931677,0.21679909194097616,0.15683229813664595,0.11464245175936436,"7.936281283",12,-7.108614088725057,237,0.2690124858115778,315,0.35754824063564133
671218,"Ramos, Heliot",873,0.9074844074844075,654,"75.240581191",0.5521191294387173,0.2981651376146789,0.22336769759450173,0.1834862385321101,0.13745704467353953,"6.936671443",28,-7.1954793862616135,219,0.2508591065292096,319,0.3654066437571592
592669,"Renfroe, Hunter",631,0.9131693198263386,496,"75.240395055",0.5277337559429476,0.29838709677419356,0.23454833597464342,0.15725806451612903,0.12361331220285261,"7.617267861",8,-9.59813621892738,135,0.21394611727416799,275,0.4358161648177496
624413,"Alonso, Pete",992,0.9001814882032668,763,"75.234998024",0.5181451612903226,0.2961992136304063,0.22782258064516128,0.18610747051114024,0.1431451612903226,"7.318061079",19,-10.859541205083145,229,0.23084677419354838,387,0.3901209677419355
663586,"Riley, Austin",754,0.908433734939759,563,"75.230383329",0.5358090185676392,0.3268206039076377,0.2440318302387268,0.2024866785079929,0.15119363395225463,"7.509214257",24,-4.8320578060111,191,0.253315649867374,264,0.35013262599469497
641933,"O'Neill, Tyler",733,0.9060568603213844,481,"75.223714843",0.5184174624829467,0.28274428274428276,0.1855388813096862,0.18087318087318088,0.11869031377899045,"7.594253929",11,3.3526984448877295,252,0.34379263301500684,209,0.28512960436562074
592518,"Machado, Manny",1033,0.9053461875547765,811,"75.219474579",0.5256534365924488,0.3193588162762022,0.25072604065827686,0.20838471023427868,0.16360116166505323,"7.775955276",23,-6.191918105477102,222,0.2149080348499516,419,0.40561471442400776
682829,"De La Cruz, Elly",989,0.9056776556776557,691,"75.184269029",0.5389282103134481,0.31693198263386396,0.22143579373104147,0.18958031837916064,0.13245702730030334,"7.281975824",31,2.832530340879714,298,0.301314459049545,350,0.3538928210313448
660821,"Sánchez, Jesús",891,0.9064089521871821,614,"75.164348833",0.5443322109988777,0.32247557003257327,0.2222222222222222,0.19055374592833876,0.13131313131313133,"7.14619541",13,-17.170126230560808,277,0.3108866442199775,300,0.3367003367003367
663624,"Mountcastle, Ryan",896,0.9087221095334685,690,"75.092982121",0.5055803571428573,0.2753623188405797,0.21205357142857142,0.1608695652173913,0.12388392857142858,"7.482878438",14,-10.038172039656143,206,0.22991071428571427,317,0.35379464285714285
572233,"Walker, Christian",915,0.9014778325123153,708,"75.045019661",0.5278688524590165,0.2612994350282486,0.20218579234972678,0.15819209039548024,0.12240437158469945,"7.544497672",32,-12.766658111719511,207,0.2262295081967213,303,0.33114754098360655
670042,"Raley, Luke",752,0.9005988023952096,512,"74.970934029",0.5079787234042553,0.26953125,0.18351063829787234,0.16796875,0.11436170212765957,"7.24988891",16,-4.070624453129796,240,0.3191489361702128,236,0.31382978723404253
671739,"Harris II, Michael",761,0.905952380952381,584,"74.719573377",0.4796320630749014,0.3065068493150685,0.2352168199737188,0.1952054794520548,0.1498028909329829,"8.060931905",11,-8.522069049777588,177,0.2325886990801577,300,0.39421813403416556
665487,"Tatis Jr., Fernando",636,0.9034090909090909,478,"74.711434418",0.47798742138364764,0.37447698744769875,0.28144654088050314,0.22594142259414227,0.16981132075471697,"7.329773475",29,-7.431556619885675,158,0.24842767295597484,252,0.39622641509433965
669394,"Burger, Jake",929,0.902818270165209,665,"74.688491916",0.4693218514531757,0.33383458646616543,0.23896663078579117,0.20150375939849624,0.1442411194833154,"7.483993111",17,0.8311061340803406,264,0.28417653390742736,341,0.36706135629709363
682985,"Greene, Riley",890,0.9072375127420998,661,"74.679756034",0.45730337078651695,0.3071104387291982,0.22808988764044943,0.16944024205748864,0.1258426966292135,"7.198148764",7,-6.864409159434844,229,0.2573033707865168,308,0.34606741573033706
661388,"Contreras, William",1090,0.9068219633943427,813,"74.668738789",0.5036697247706421,0.34932349323493234,0.26055045871559634,0.2091020910209102,0.1559633027522936,"7.341808587",24,-3.6806787085225565,277,0.25412844036697246,419,0.38440366972477064
677951,"Witt Jr., Bobby",1111,0.911402789171452,875,"74.664595032",0.4833483348334834,0.3485714285714286,0.2745274527452745,0.20457142857142857,0.16111611161116113,"7.096457183",16,19.80558253642215,236,0.21242124212421243,468,0.42124212421242124
677800,"Abreu, Wilyer",756,0.907563025210084,557,"74.554858995",0.44576719576719565,0.30700179533213645,0.2261904761904762,0.15978456014362658,0.11772486772486772,"7.392287765",17,-9.747421622553409,199,0.26322751322751325,263,0.3478835978835979
673357,"Robert Jr., Luis",715,0.9016393442622951,482,"74.543607455",0.47552447552447563,0.2821576763485477,0.1902097902097902,0.15560165975103735,0.1048951048951049,"7.737383986",12,-12.624778013880379,233,0.3258741258741259,233,0.3258741258741259
663728,"Raleigh, Cal",1112,0.9040650406504065,790,"74.517157104",0.4514388489208634,0.2848101265822785,0.20233812949640287,0.15949367088607594,0.11330935251798561,"7.76837411",15,-17.90139181190604,322,0.289568345323741,339,0.30485611510791366
694671,"Langford, Wyatt",819,0.9029768467475193,630,"74.493879035",0.48229548229548236,0.31746031746031744,0.2442002442002442,0.18412698412698414,0.14163614163614163,"7.006870635",8,-14.795624118131407,189,0.23076923076923078,340,0.41514041514041516
621439,"Buxton, Byron",658,0.9050894085281981,460,"74.321311261",0.41793313069908816,0.31521739130434784,0.22036474164133737,0.1673913043478261,0.11702127659574468,"8.076933739",12,1.6972671093292986,198,0.3009118541033435,221,0.33586626139817627
671732,"Butler, Lawrence",725,0.9073842302878599,539,"74.192122248",0.4358620689655171,0.3209647495361781,0.2386206896551724,0.17625231910946196,0.1310344827586207,"7.071419655",12,0.005542341248048643,186,0.25655172413793104,272,0.37517241379310345
669127,"Langeliers, Shea",853,0.9152360515021459,621,"74.136804091",0.41969519343493555,0.3252818035426731,0.23681125439624853,0.17713365539452497,0.12895662368112543,"7.27794612",7,-6.486617166830542,232,0.2719812426729191,311,0.3645955451348183
624424,"Conforto, Michael",722,0.9058971141781681,554,"74.122102673",0.4293628808864265,0.3303249097472924,0.25346260387811637,0.17509025270758122,0.13434903047091412,"7.375714017",5,-13.343443901553348,168,0.23268698060941828,286,0.3961218836565097
547180,"Harper, Bryce",1094,0.9056291390728477,822,"74.035775174",0.41042047531992687,0.2798053527980535,0.21023765996343693,0.17396593673965938,0.13071297989031078,"7.28843511",13,-6.093196820588755,272,0.24862888482632542,358,0.3272394881170018
542303,"Ozuna, Marcell",1125,0.9065269943593876,773,"74.020913956",0.42488888888888904,0.3389391979301423,0.2328888888888889,0.20310478654592498,0.13955555555555554,"7.397909316",4,7.000651954727809,352,0.3128888888888889,377,0.33511111111111114
621566,"Olson, Matt",1239,0.9103600293901543,913,"73.798156554",0.3874092009685231,0.26506024096385544,0.19531880548829703,0.1511500547645126,0.11138014527845036,"7.347558337",11,-22.3194012003201,326,0.26311541565778856,373,0.30104923325262306
681297,"Cowser, Colton",900,0.9045226130653267,659,"73.761869811",0.40555555555555545,0.3110773899848255,0.22777777777777777,0.16995447647951442,0.12444444444444444,"6.932131678",23,-6.811725824328863,241,0.2677777777777778,309,0.3433333333333333
682998,"Carroll, Corbin",911,0.9128256513026052,723,"73.693149901",0.3688254665203074,0.34854771784232363,0.27661909989023054,0.1839557399723375,0.145993413830955,"7.020155741",5,-17.089090042084607,188,0.20636663007683864,414,0.4544456641053787
606466,"Marte, Ketel",850,0.9100642398286938,679,"73.683026329",0.4058823529411764,0.38144329896907214,0.30470588235294116,0.203240058910162,0.1623529411764706,"7.637226482",6,-2.3767792895551656,171,0.2011764705882353,347,0.4082352941176471
667670,"Rooker, Brent",1012,0.9100719424460432,699,"73.681734081",0.37154150197628455,0.32474964234620884,0.22430830039525693,0.18025751072961374,0.12450592885375494,"7.079576798",29,14.535180863127168,313,0.3092885375494071,345,0.3409090909090909
662139,"Varsho, Daulton",819,0.9089900110987791,605,"73.666904591",0.3443223443223445,0.2396694214876033,0.17704517704517705,0.11074380165289256,0.08180708180708181,"7.628742564",6,-22.621050402364922,214,0.2612942612942613,279,0.34065934065934067
679529,"Torkelson, Spencer",600,0.9049773755656109,455,"73.634255633",0.30333333333333334,0.2703296703296703,0.205,0.12747252747252746,0.09666666666666666,"7.53669815",10,-17.072651074744275,145,0.24166666666666667,205,0.3416666666666667
680776,"Duran, Jarren",1138,0.911128903122498,879,"73.600897627",0.36203866432337417,0.3003412969283277,0.23198594024604569,0.17747440273037543,0.13708260105448156,"7.557940193",21,8.23780981022438,259,0.22759226713532513,447,0.3927943760984183
642715,"Adames, Willy",1185,0.9066564651874521,861,"73.597868658",0.33248945147679326,0.29036004645760743,0.2109704641350211,0.13472706155632985,0.09789029535864979,"8.105363502",9,-7.24728388867754,324,0.27341772151898736,403,0.340084388185654
687401,"Ortiz, Joey",722,0.907035175879397,614,"73.431140609",0.3518005540166205,0.2703583061889251,0.2299168975069252,0.1270358306188925,0.10803324099722991,"7.528177784",8,-7.505803960129292,108,0.14958448753462603,311,0.4307479224376731
664040,"Lowe, Brandon",770,0.9005847953216374,545,"73.428831078",0.3597402597402598,0.30825688073394497,0.21818181818181817,0.1724770642201835,0.12207792207792208,"7.122046818",27,-6.537779490691077,225,0.2922077922077922,254,0.32987012987012987
592626,"Pederson, Joc",662,0.9006802721088435,508,"73.373093776",0.3716012084592145,0.28937007874015747,0.22205438066465258,0.1594488188976378,0.12235649546827794,"7.693515378",10,1.6659836016112262,154,0.2326283987915408,223,0.3368580060422961
663993,"Lowe, Nathaniel",903,0.905717151454363,736,"73.312846667",0.29346622369878184,0.2826086956521739,0.23034330011074197,0.15217391304347827,0.12403100775193798,"7.269485692",23,-14.399009782089099,167,0.1849390919158361,348,0.3853820598006645
664913,"Brown, Seth",685,0.9121171770972037,498,"73.30077019",0.28175182481751804,0.3092369477911647,0.22481751824817517,0.14457831325301204,0.10510948905109489,"7.207996745",14,-16.067615593607766,187,0.272992700729927,229,0.3343065693430657
666139,"Lowe, Josh",765,0.9053254437869822,522,"73.29749417",0.3267973856209151,0.28160919540229884,0.19215686274509805,0.13409961685823754,0.0915032679738562,"7.15005617",9,-10.982839155087285,243,0.3176470588235294,214,0.2797385620915033
607043,"Nimmo, Brandon",1047,0.9112271540469974,820,"73.268079542",0.34861509073543456,0.3097560975609756,0.24259789875835722,0.1548780487804878,0.12129894937917861,"7.293659799",15,-23.03073104548114,227,0.21680993314231137,376,0.35912129894937916
650490,"Díaz, Yandy",902,0.9092741935483871,788,"73.258058337",0.34368070953436813,0.36548223350253806,0.31929046563192903,0.21954314720812182,0.1917960088691796,"7.516551718",2,-19.205324583166643,114,0.12638580931263857,414,0.458980044345898
606192,"Hernández, Teoscar",1106,0.9050736497545008,744,"73.234489584",0.3173598553345389,0.2956989247311828,0.19891500904159132,0.18548387096774194,0.12477396021699819,"7.76168585",29,-2.595935644400899,362,0.32730560578661844,349,0.3155515370705244
521692,"Perez, Salvador",1143,0.9049881235154394,848,"73.219718478",0.3333333333333332,0.33608490566037735,0.24934383202099739,0.17570754716981132,0.13035870516185477,"7.930436465",15,-11.386407579136987,295,0.25809273840769903,420,0.3674540682414698
669357,"Gorman, Nolan",631,0.9001426533523538,418,"73.215730111",0.3026941362916007,0.2607655502392344,0.17274167987321712,0.14114832535885166,0.09350237717908082,"7.525039414",15,-12.369037512118494,213,0.3375594294770206,188,0.2979397781299525
592663,"Realmuto, J.T.",650,0.9103641456582633,493,"73.181228738",0.35692307692307684,0.2961460446247465,0.2246153846153846,0.16835699797160245,0.1276923076923077,"7.645098246",8,-4.868276130599707,157,0.24153846153846154,238,0.36615384615384616
694192,"Chourio, Jackson",860,0.9062170706006323,648,"73.151587767",0.3395348837209302,0.3441358024691358,0.2593023255813954,0.17746913580246915,0.13372093023255813,"7.370065977",22,-8.09172834412644,212,0.24651162790697675,349,0.40581395348837207
669911,"Toglia, Michael",752,0.909310761789601,507,"73.151217527",0.29255319148936176,0.3175542406311637,0.21409574468085107,0.1854043392504931,0.125,"7.540294561",21,-11.627204733568142,245,0.3257978723404255,234,0.31117021276595747
666160,"Moniak, Mickey",752,0.9060240963855422,539,"73.145357926",0.285904255319149,0.2820037105751391,0.20212765957446807,0.12987012987012986,0.09308510638297872,"7.685752686",10,-15.770385664965783,213,0.28324468085106386,256,0.3404255319148936
623993,"Santander, Anthony",1179,0.9076212471131639,950,"73.123204699",0.3375742154368108,0.2768421052631579,0.22307039864291772,0.13894736842105262,0.11195928753180662,"7.246136353",5,-1.2074037198402605,229,0.19423240033927056,424,0.359626802374894
681624,"Pages, Andy",764,0.9030732860520094,573,"73.067130903",0.27748691099476447,0.28097731239092494,0.2107329842931937,0.14136125654450263,0.10602094240837696,"7.730661453",11,-17.877650100368246,191,0.25,266,0.3481675392670157
664238,"Moore, Dylan",658,0.9026063100137174,508,"73.045319894",0.2781155015197567,0.26968503937007876,0.20820668693009117,0.10826771653543307,0.08358662613981763,"7.119954529",16,-22.3306501146619,150,0.22796352583586627,228,0.3465045592705167
673548,"Suzuki, Seiya",852,0.9015873015873016,655,"72.961616256",0.3497652582159625,0.33435114503816793,0.25704225352112675,0.1801526717557252,0.13849765258215962,"7.191845869",17,12.458452546236083,197,0.2312206572769953,327,0.38380281690140844
502110,"Martinez, J.D.",842,0.9005347593582887,592,"72.944651686",0.28503562945368155,0.28378378378378377,0.1995249406175772,0.14020270270270271,0.09857482185273159,"8.414047387",29,-19.370920339831343,250,0.29691211401425177,254,0.3016627078384798
647304,"Naylor, Josh",984,0.9035812672176309,788,"72.882070254",0.3272357723577236,0.3413705583756345,0.2733739837398374,0.15862944162436549,0.12703252032520326,"7.636446758",11,-12.508264607879397,196,0.1991869918699187,410,0.4166666666666667
680777,"Jeffers, Ryan",751,0.9004796163069544,592,"72.880538256",0.340878828229028,0.27364864864864863,0.21571238348868177,0.13344594594594594,0.1051930758988016,"7.466496245",23,-3.0181260845524323,159,0.21171770972037285,297,0.3954727030625832
571745,"Haniger, Mitch",644,0.9006993006993007,448,"72.875906165",0.2608695652173913,0.3482142857142857,0.2422360248447205,0.16517857142857142,0.11490683229813664,"7.097615807",22,-25.712273425628112,196,0.30434782608695654,231,0.358695652173913
669004,"Melendez, MJ",845,0.9095801937567277,603,"72.792025846",0.32662721893491126,0.296849087893864,0.2118343195266272,0.15091210613598674,0.1076923076923077,"7.662310651",14,-33.100555792577985,242,0.2863905325443787,265,0.3136094674556213
668227,"Arozarena, Randy",964,0.900093370681606,705,"72.744876328",0.33402489626556003,0.32907801418439714,0.24066390041493776,0.15886524822695036,0.11618257261410789,"7.383195456",15,-12.680310544492611,259,0.26867219917012447,347,0.3599585062240664
457705,"McCutchen, Andrew",768,0.9024676850763808,570,"72.73770125",0.25260416666666663,0.312280701754386,0.23177083333333334,0.14912280701754385,0.11067708333333333,"7.604203438",11,-11.451793316991544,198,0.2578125,291,0.37890625
672284,"Kelenic, Jarred",729,0.9033457249070632,492,"72.685177586",0.24828532235939652,0.3475609756097561,0.2345679012345679,0.16463414634146342,0.1111111111111111,"7.3112531",18,-17.705968770043857,237,0.32510288065843623,244,0.3347050754458162
657757,"Sheets, Gavin",838,0.9020452099031216,670,"72.671415788",0.2971360381861574,0.282089552238806,0.22553699284009546,0.12686567164179105,0.10143198090692124,"7.568178974",27,-25.172714001644973,168,0.20047732696897375,320,0.3818615751789976
502054,"Pham, Tommy",694,0.910761154855643,552,"72.631410072",0.21757925072046114,0.3677536231884058,0.29250720461095103,0.1793478260869565,0.14265129682997119,"6.876284524",14,-10.365531568547611,142,0.20461095100864554,307,0.4423631123919308
665161,"Peña, Jeremy",1028,0.9089301503094607,776,"72.620449883",0.22470817120622572,0.33762886597938147,0.25486381322957197,0.14948453608247422,0.11284046692607004,"7.635290282",13,-23.101564726738705,252,0.245136186770428,435,0.42315175097276264
673237,"Diaz, Yainer",1049,0.905090595340811,809,"72.546397312",0.23641563393708298,0.34487021013597036,0.2659675881792183,0.17181705809641531,0.1325071496663489,"7.415760648",17,-8.0520216993133,240,0.22878932316491898,427,0.4070543374642517
646240,"Devers, Rafael",1009,0.9033124440465533,718,"72.535230803",0.27948463825569875,0.32729805013927576,0.23290386521308226,0.1935933147632312,0.1377601585728444,"7.446743122",24,-6.2350675694101625,291,0.288404360753221,331,0.3280475718533201
641857,"McMahon, Ryan",1069,0.9043993231810491,763,"72.514073181",0.2628624883068288,0.3132372214941022,0.2235734331150608,0.16382699868938402,0.11693171188026193,"7.206047343",28,-27.358012675041323,306,0.2862488306828812,334,0.3124415341440599
502671,"Goldschmidt, Paul",1111,0.9091653027823241,824,"72.484165446",0.24302430243024292,0.33495145631067963,0.24842484248424843,0.1796116504854369,0.1332133213321332,"7.750873987",10,-10.890342368230339,287,0.2583258325832583,388,0.34923492349234925
642350,"Siri, Jose",738,0.9,455,"72.470020407",0.2723577235772357,0.2725274725274725,0.16802168021680217,0.14945054945054945,0.0921409214092141,"7.842158293",20,-15.407610593238037,283,0.38346883468834686,206,0.2791327913279133
596019,"Lindor, Francisco",1116,0.9102773246329527,857,"72.428487966",0.235663082437276,0.3733955659276546,0.2867383512544803,0.18203033838973162,0.13978494623655913,"7.565374659",13,-6.786468346069106,259,0.23207885304659498,439,0.39336917562724016
669224,"Wells, Austin",686,0.9038208168642952,510,"72.426270671",0.21720116618075802,0.3137254901960784,0.23323615160349853,0.1627450980392157,0.12099125364431487,"7.40460379",11,-16.53032457760477,176,0.2565597667638484,244,0.3556851311953353
656811,"O'Hearn, Ryan",785,0.9127906976744186,658,"72.374679478",0.24331210191082817,0.3373860182370821,0.28280254777070063,0.14893617021276595,0.12484076433121019,"7.138562127",6,-10.344493782457482,127,0.16178343949044585,344,0.43821656050955415
516782,"Marte, Starling",577,0.9086614173228347,412,"72.355358873",0.2547660311958405,0.33980582524271846,0.24263431542461006,0.17718446601941748,0.1265164644714038,"7.28494851",11,-11.91802963477232,165,0.28596187175043325,218,0.3778162911611785
664023,"Happ, Ian",1071,0.9060913705583756,783,"72.353144332",0.23716153127917833,0.31800766283524906,0.23249299719887956,0.15070242656449553,0.11017740429505135,"6.958679944",18,-26.3605135811451,288,0.2689075630252101,357,0.3333333333333333
608369,"Seager, Corey",820,0.9050772626931567,642,"72.28371272",0.20853658536585362,0.3333333333333333,0.26097560975609757,0.19470404984423675,0.1524390243902439,"6.646551415",14,-3.0124957778705803,178,0.21707317073170732,318,0.3878048780487805
682928,"Abrams, CJ",1024,0.9022026431718062,794,"72.244802256",0.2392578125,0.31863979848866497,0.2470703125,0.13476070528967254,0.1044921875,"7.503694268",32,-18.94988637570357,230,0.224609375,379,0.3701171875
664761,"Bohm, Alec",891,0.9054878048780488,741,"72.241152671",0.21661054994388326,0.3913630229419703,0.3254769921436588,0.18758434547908232,0.15600448933782268,"7.391298283",9,-4.290347363118843,150,0.16835016835016836,415,0.4657687991021324
553993,"Suárez, Eugenio",1025,0.9030837004405287,742,"72.206414663",0.21463414634146344,0.30727762803234504,0.2224390243902439,0.1495956873315364,0.10829268292682927,"7.782131385",34,-2.318725684255862,283,0.2760975609756098,352,0.3434146341463415
701538,"Merrill, Jackson",1034,0.9046369203849519,841,"72.182788066",0.2156673114119923,0.3055885850178359,0.24854932301740812,0.15101070154577884,0.12282398452611218,"7.527392515",27,1.4709428247838183,193,0.18665377176015474,384,0.3713733075435203
666181,"Benson, Will",650,0.9027777777777778,407,"72.081767569",0.20769230769230773,0.257985257985258,0.16153846153846155,0.10319410319410319,0.06461538461538462,"7.873000677",17,-21.915572938885006,243,0.37384615384615383,160,0.24615384615384617
657557,"DeJong, Paul",936,0.9087378640776699,634,"72.040205192",0.15491452991452992,0.2697160883280757,0.18269230769230768,0.11987381703470032,0.0811965811965812,"6.899971143",11,-19.290413108653315,302,0.32264957264957267,274,0.29273504273504275
657136,"Wong, Connor",822,0.9032967032967033,595,"72.013196338",0.17518248175182485,0.29411764705882354,0.21289537712895376,0.13277310924369748,0.09610705596107055,"7.344921946",11,-4.471685067518865,227,0.2761557177615572,294,0.35766423357664234
666969,"García, Adolis",1106,0.9013854930725347,749,"71.950524412",0.22965641952983734,0.33377837116154874,0.22603978300180833,0.16421895861148197,0.1112115732368897,"7.856444186",14,-38.775594362790955,357,0.3227848101265823,359,0.32459312839059673
665862,"Chisholm Jr., Jazz",924,0.9094488188976378,650,"71.9478004",0.23268398268398255,0.32461538461538464,0.22835497835497837,0.15076923076923077,0.10606060606060606,"7.493207803",11,-16.10341473568989,274,0.29653679653679654,313,0.33874458874458874
641487,"Crawford, J.P.",651,0.9066852367688022,524,"71.92572616",0.23195084485407066,0.2900763358778626,0.23348694316436253,0.12213740458015267,0.09831029185867896,"7.270289616",5,-27.24529397171628,127,0.19508448540706605,250,0.38402457757296465
543807,"Springer, George",949,0.9003795066413662,730,"71.899028599",0.22339304531085355,0.33013698630136984,0.25395152792413067,0.15205479452054796,0.11696522655426765,"7.431501517",24,-26.207481701635793,219,0.23076923076923078,367,0.38672286617492097
592206,"Castellanos, Nick",1144,0.9064976228209192,809,"71.872110096",0.22814685314685315,0.33250927070457353,0.23513986013986013,0.12360939431396786,0.08741258741258741,"7.581908191",12,-19.147481301497482,335,0.2928321678321678,413,0.361013986013986
669016,"Marsh, Brandon",700,0.9032258064516129,522,"71.857754657",0.14857142857142863,0.3333333333333333,0.24857142857142858,0.15134099616858238,0.11285714285714285,"7.200098443",4,-5.004955133298914,178,0.2542857142857143,243,0.34714285714285714
668901,"Vientos, Mark",761,0.9091995221027479,512,"71.824719895",0.2063074901445468,0.35546875,0.23915900131406045,0.193359375,0.13009198423127463,"7.57273477",18,4.969902857185624,249,0.3272010512483574,253,0.3324572930354796
641584,"Fraley, Jake",661,0.9030054644808743,528,"71.807234508",0.19969742813918304,0.25757575757575757,0.20574886535552195,0.07196969696969698,0.057488653555219364,"7.076663011",1,-22.303027785820944,133,0.20121028744326777,251,0.37972768532526474
650559,"De La Cruz, Bryan",1074,0.9025210084033614,781,"71.777762104",0.19832402234636862,0.3265044814340589,0.23743016759776536,0.1267605633802817,0.09217877094972067,"7.693105475",20,-23.18656911069919,293,0.27281191806331473,374,0.34823091247672255
467793,"Santana, Carlos",892,0.9055837563451776,698,"71.760669215",0.1939461883408072,0.36103151862464183,0.2825112107623318,0.1361031518624642,0.10650224215246637,"7.572571502",8,-27.70837027093597,194,0.21748878923766815,373,0.41816143497757846
672820,"Sosa, Lenyn",642,0.9029535864978903,520,"71.749813629",0.1697819314641745,0.3326923076923077,0.26947040498442365,0.125,0.10124610591900311,"7.364401184",6,-17.33262886810971,122,0.19003115264797507,259,0.40342679127725856
621020,"Swanson, Dansby",991,0.9041970802919708,725,"71.734416034",0.12815338042381427,0.33379310344827584,0.24419778002018164,0.15448275862068966,0.11301715438950555,"7.440274178",22,-23.031170872459036,266,0.2684157416750757,354,0.35721493440968716
668709,"Bleday, JJ",961,0.9023474178403755,728,"71.727744912",0.16545265348595226,0.35027472527472525,0.26534859521331944,0.15521978021978022,0.11758584807492195,"7.284254246",24,-20.647572800344776,233,0.24245577523413112,397,0.413111342351717
663898,"Rodgers, Brendan",802,0.9011235955056179,612,"71.721874327",0.25187032418952615,0.315359477124183,0.24064837905236908,0.1437908496732026,0.10972568578553615,"7.142056933",26,-7.296323241324222,190,0.23690773067331672,301,0.37531172069825436
686469,"Pasquantino, Vinnie",872,0.9121338912133892,754,"71.714453578",0.19839449541284404,0.3713527851458886,0.3211009174311927,0.16312997347480107,0.14105504587155962,"7.400608096",10,-6.037720749129485,118,0.1353211009174312,391,0.44839449541284404
657041,"Thomas, Lane",774,0.9020979020979021,615,"71.690386305",0.16925064599483203,0.32682926829268294,0.2596899224806202,0.15284552845528454,0.12144702842377261,"6.758526589",19,-7.915007050378255,159,0.2054263565891473,310,0.4005167958656331
595777,"Profar, Jurickson",974,0.9035250463821892,815,"71.684922772",0.2268993839835729,0.3239263803680982,0.27104722792607805,0.12883435582822086,0.10780287474332649,"7.345409045",12,-18.98904300856699,159,0.16324435318275154,364,0.3737166324435318
663697,"India, Jonathan",830,0.9041394335511983,683,"71.674284398",0.2216867469879517,0.3074670571010249,0.25301204819277107,0.12445095168374817,0.10240963855421686,"7.168758614",25,-19.20236617010409,147,0.17710843373493976,341,0.4108433734939759
571771,"Hernández, Enrique",623,0.9108187134502924,486,"71.657316244",0.1942215088282504,0.3395061728395062,0.26484751203852325,0.11522633744855967,0.0898876404494382,"7.370935586",6,-14.144014769884063,137,0.21990369181380418,250,0.4012841091492777
671277,"García Jr., Luis",810,0.9020044543429844,644,"71.655339605",0.2271604938271606,0.35248447204968947,0.2802469135802469,0.16149068322981366,0.12839506172839507,"7.287475963",10,-5.2822606403376815,166,0.20493827160493827,354,0.43703703703703706
680869,"Gelof, Zack",896,0.9041372351160444,583,"71.624308638",0.1171875,0.30360205831903947,0.19754464285714285,0.12006861063464837,0.078125,"7.32726442",23,-27.92450371064237,313,0.34933035714285715,285,0.31808035714285715
607208,"Turner, Trea",905,0.9040959040959041,680,"71.603240729",0.1712707182320442,0.3411764705882353,0.256353591160221,0.1338235294117647,0.1005524861878453,"7.589410055",15,-4.325985229702919,225,0.24861878453038674,349,0.3856353591160221
668715,"Steer, Spencer",990,0.9,778,"71.560887586",0.13636363636363644,0.32519280205655526,0.25555555555555554,0.12724935732647816,0.1,"7.368125131",21,-21.49427668356165,212,0.21414141414141413,388,0.39191919191919194
668804,"Reynolds, Bryan",1094,0.9018961253091509,798,"71.551143931",0.17093235831809872,0.3659147869674185,0.26691042047531993,0.17418546365914786,0.12705667276051189,"6.843877258",31,-9.845353883535097,296,0.27056672760511885,413,0.37751371115173676
608070,"Ramírez, José",1135,0.9007936507936508,991,"71.544374537",0.18854625550660803,0.32593340060544906,0.2845814977973568,0.14228052472250252,0.12422907488986784,"7.269964687",17,4.154530122294565,144,0.12687224669603525,485,0.42731277533039647
686676,"Lee, Korey",733,0.903822441430333,471,"71.422844625",0.14051841746248292,0.30148619957537154,0.1937244201909959,0.14225053078556263,0.09140518417462483,"7.208018595",16,-23.93968175384024,262,0.35743519781718963,231,0.3151432469304229
596146,"Kepler, Max",675,0.9012016021361816,526,"71.365470667",0.19407407407407412,0.3288973384030418,0.2562962962962963,0.13688212927756654,0.10666666666666667,"7.449934385",15,-22.467353535266447,149,0.22074074074074074,263,0.3896296296296296
608324,"Bregman, Alex",906,0.9041916167664671,806,"71.334739294",0.11920529801324506,0.3784119106699752,0.336644591611479,0.1327543424317618,0.11810154525386314,"7.006856071",7,-3.2414567333210242,100,0.11037527593818984,446,0.4922737306843267
678662,"Tovar, Ezequiel",1285,0.9049295774647887,876,"71.316650607",0.1891050583657587,0.3059360730593607,0.2085603112840467,0.11757990867579908,0.08015564202334631,"7.545631735",17,-4.912896805861603,409,0.31828793774319064,405,0.3151750972762646
672275,"Bailey, Patrick",726,0.9052369077306733,564,"71.293826419",0.13223140495867775,0.3617021276595745,0.2809917355371901,0.15602836879432624,0.12121212121212122,"7.279011102",9,-26.76842067758747,162,0.2231404958677686,275,0.3787878787878788
690993,"Keith, Colt",838,0.9010752688172043,656,"71.287968532",0.14319809069212402,0.35365853658536583,0.27684964200477324,0.12957317073170732,0.10143198090692124,"6.664368413",14,-11.574598604709912,182,0.2171837708830549,363,0.4331742243436754
665750,"Taveras, Leody",812,0.9032258064516129,599,"71.259393067",0.14778325123152716,0.327212020033389,0.2413793103448276,0.14357262103505844,0.10591133004926108,"7.456667278",6,-23.911630811715405,213,0.2623152709359606,320,0.39408866995073893
666158,"Lux, Gavin",733,0.9060568603213844,577,"71.236619495",0.15552523874488405,0.32582322357019067,0.25648021828103684,0.1386481802426343,0.10914051841746249,"7.256899618",18,-13.462451478471074,156,0.21282401091405184,289,0.3942701227830832
656555,"Hoskins, Rhys",806,0.8995535714285714,616,"71.196764615",0.1302729528535981,0.3003246753246753,0.22952853598014888,0.12175324675324675,0.09305210918114144,"8.101506811",23,-13.234714053132636,190,0.23573200992555832,261,0.3238213399503722
676475,"Burleson, Alec",995,0.8996383363471971,830,"71.189667518",0.17989949748743714,0.3710843373493976,0.30954773869346736,0.13253012048192772,0.11055276381909548,"7.45959591",11,-15.555310002348612,165,0.1658291457286432,424,0.42613065326633165
664056,"Bader, Harrison",644,0.9032258064516129,497,"71.168631211",0.1987577639751553,0.33400402414486924,0.2577639751552795,0.13279678068410464,0.10248447204968944,"7.056127795",16,-17.45970626757452,147,0.22826086956521738,278,0.43167701863354035
663837,"Vierling, Matt",858,0.9050632911392406,696,"71.084462657",0.11771561771561775,0.36063218390804597,0.2925407925407925,0.15517241379310345,0.1258741258741259,"7.412548438",7,-11.950705489486348,162,0.1888111888111888,358,0.4172494172494173
693304,"Gonzales, Nick",673,0.9021447721179625,522,"71.074206048",0.12927191679049033,0.3275862068965517,0.2540861812778603,0.13984674329501914,0.10846953937592868,"7.267537637",16,-13.881071298952104,151,0.22436849925705796,269,0.399702823179792
664034,"France, Ty",880,0.9053497942386831,680,"71.0336115",0.14318181818181822,0.31176470588235294,0.2409090909090909,0.12058823529411765,0.09318181818181819,"7.593700818",17,-30.61771898272684,200,0.22727272727272727,332,0.37727272727272726
676059,"Westburg, Jordan",684,0.9035667107001321,496,"71.030642646",0.1096491228070176,0.375,0.2719298245614035,0.16532258064516128,0.11988304093567251,"6.81991769",16,-5.865227811631259,188,0.27485380116959063,265,0.38742690058479534
669304,"Miranda, Jose",692,0.9057591623036649,559,"71.014435361",0.15606936416184974,0.3595706618962433,0.2904624277456647,0.13416815742397137,0.10838150289017341,"7.582550882",25,-11.728781140259638,133,0.19219653179190752,298,0.430635838150289
687263,"Neto, Zach",921,0.9029411764705882,692,"70.975951607",0.1465798045602606,0.33815028901734107,0.254071661237785,0.13872832369942195,0.10423452768729642,"7.108802226",37,-16.137921870666826,229,0.248642779587405,346,0.3756786102062975
656775,"Mullins, Cedric",820,0.9040793825799338,682,"70.958750232",0.07560975609756099,0.2844574780058651,0.23658536585365852,0.10117302052785923,0.08414634146341464,"7.503361768",4,-15.626753024998841,138,0.16829268292682928,305,0.3719512195121951
573262,"Yastrzemski, Mike",757,0.9065868263473054,570,"70.94695535",0.05548216644649933,0.35789473684210527,0.26948480845442535,0.14210526315789473,0.10700132100396301,"7.556113091",11,-14.72902319889376,187,0.24702774108322326,284,0.3751651254953765
686668,"Doyle, Brenton",917,0.9043392504930966,650,"70.933178103",0.08069792802617233,0.34307692307692306,0.24318429661941113,0.1523076923076923,0.1079607415485278,"7.36175072",20,-10.166977552530568,267,0.29116684841875684,339,0.3696837513631407
606115,"Arcia, Orlando",938,0.9027911453320501,708,"70.882941183",0.1353944562899786,0.3418079096045198,0.2579957356076759,0.1228813559322034,0.09275053304904052,"7.908655672",25,-34.132914651205354,230,0.24520255863539445,373,0.3976545842217484
686681,"Massey, Michael",611,0.9011799410029498,515,"70.874809542",0.08837970540098201,0.3592233009708738,0.3027823240589198,0.1203883495145631,0.10147299509001637,"7.174158592",6,-5.826222195669418,96,0.15711947626841244,268,0.4386252045826514
663886,"Stephenson, Tyler",724,0.900497512437811,590,"70.84533018",0.09392265193370168,0.37457627118644066,0.3052486187845304,0.15593220338983052,0.1270718232044199,"7.43973239",31,4.512920016972689,134,0.1850828729281768,306,0.42265193370165743
676356,"DeLuca, Jonny",627,0.8995695839311334,487,"70.838766252",0.11164274322169059,0.26078028747433263,0.2025518341307815,0.08008213552361396,0.06220095693779904,"7.648051148",11,-19.923088608020322,140,0.22328548644338117,230,0.3668261562998405
683734,"Vaughn, Andrew",982,0.9042357274401474,786,"70.779219297",0.12016293279022407,0.35368956743002544,0.2830957230142566,0.16157760814249364,0.12932790224032586,"7.55516111",12,-14.946323384268027,196,0.19959266802443992,395,0.40224032586558045
672580,"Garcia, Maikel",848,0.9030883919062833,736,"70.761560318",0.10849056603773587,0.40896739130434784,0.35495283018867924,0.15896739130434784,0.13797169811320756,"7.150218502",12,-35.9233477584421,112,0.1320754716981132,422,0.49764150943396224
664728,"Isbel, Kyle",608,0.9074626865671642,495,"70.75388727",0.11019736842105263,0.3373737373737374,0.2746710526315789,0.13131313131313133,0.1069078947368421,"7.148897023",5,-15.935662972469366,113,0.18585526315789475,259,0.42598684210526316
571448,"Arenado, Nolan",983,0.9010082493125573,840,"70.749732157",0.1281790437436419,0.32261904761904764,0.27568667344862663,0.09166666666666666,0.07833163784333673,"8.22087588",29,-14.948463946190294,143,0.14547304170905392,434,0.44150559511698884
593428,"Bogaerts, Xander",642,0.8991596638655462,535,"70.681860343",0.1526479750778817,0.37009345794392523,0.308411214953271,0.12897196261682242,0.10747663551401869,"7.206022087",9,-8.339147895718657,107,0.16666666666666666,294,0.45794392523364486
681351,"O'Hoppe, Logan",855,0.9,589,"70.67989455",0.17426900584795327,0.3293718166383701,0.22690058479532163,0.1460101867572156,0.10058479532163743,"7.304247626",41,-21.258423032448697,266,0.3111111111111111,278,0.32514619883040935
672640,"Lopez, Otto",686,0.9002624671916011,544,"70.675824359",0.13994169096209913,0.3786764705882353,0.30029154518950435,0.14154411764705882,0.11224489795918367,"6.560187172",19,-5.700547604388738,142,0.20699708454810495,298,0.43440233236151604
650489,"Castro, Willi",1091,0.9016528925619834,789,"70.643351091",0.154903758020165,0.2902408111533587,0.20989917506874428,0.12040557667934093,0.08707607699358387,"7.082113089",18,-16.82440750425355,302,0.2768102658111824,364,0.33363886342804766
666310,"Naylor, Bo",653,0.9019337016574586,481,"70.593983874",0.09800918836140891,0.31392931392931395,0.23124042879019907,0.12474012474012475,0.09188361408882083,"7.419510781",20,-24.30342295995854,172,0.26339969372128635,214,0.327718223583461
691718,"Crow-Armstrong, Pete",725,0.9017412935323383,511,"70.574327393",0.08000000000000003,0.33659491193737767,0.23724137931034484,0.12524461839530332,0.08827586206896551,"7.1605468",10,-17.32094345297116,214,0.29517241379310344,240,0.3310344827586207
666971,"Gurriel Jr., Lourdes",888,0.9024390243902439,724,"70.566873773",0.0945945945945946,0.3149171270718232,0.25675675675675674,0.13397790055248618,0.10923423423423423,"7.479768941",12,-6.931304179509678,164,0.18468468468468469,359,0.40427927927927926
681807,"Fry, David",643,0.9081920903954802,506,"70.53802297",0.09331259720062209,0.2924901185770751,0.2301710730948678,0.12450592885375494,0.09797822706065319,"7.77576465",17,-3.269103059369693,137,0.2130637636080871,225,0.3499222395023328
669707,"Triolo, Jared",694,0.9012987012987013,522,"70.469103775",0.061959654178674356,0.30268199233716475,0.2276657060518732,0.12835249042145594,0.09654178674351585,"7.826141499",19,-20.944314159078182,172,0.2478386167146974,245,0.3530259365994236
605137,"Bell, Josh",914,0.9004926108374385,690,"70.425166608",0.14989059080962802,0.36086956521739133,0.2724288840262582,0.1536231884057971,0.11597374179431072,"7.873993435",14,-16.70580695424775,224,0.24507658643326038,368,0.4026258205689278
683737,"Busch, Michael",909,0.9,654,"70.263848581",0.11331133113311327,0.35015290519877673,0.25192519251925194,0.13302752293577982,0.09570957095709572,"7.267991078",18,-11.66213040633999,255,0.28052805280528054,299,0.32893289328932895
641680,"Heim, Jonah",804,0.903370786516854,644,"70.2480975",0.09701492537313432,0.34627329192546585,0.277363184079602,0.11180124223602485,0.08955223880597014,"7.42537908",9,-41.123492571841346,160,0.19900497512437812,317,0.39427860696517414
691026,"Winn, Masyn",1000,0.9000900090009001,823,"70.22580169",0.115,0.3219927095990279,0.265,0.12029161603888214,0.099,"7.32167485",14,-16.46575401169503,177,0.177,423,0.423
672761,"Pérez, Wenceel",695,0.9025974025974026,554,"70.212335468",0.0920863309352518,0.3194945848375451,0.25467625899280577,0.09025270758122744,0.07194244604316546,"6.853798532",4,-14.906082189818363,141,0.20287769784172663,256,0.3683453237410072
669701,"Smith, Josh",945,0.9008579599618685,737,"70.149388275",0.06772486772486773,0.3568521031207598,0.2783068783068783,0.11804613297150611,0.09206349206349207,"6.82476836",10,-12.190696397465695,208,0.2201058201058201,369,0.3904761904761905
650402,"Torres, Gleyber",1081,0.9061190276613579,858,"70.103065042",0.089731729879741,0.3275058275058275,0.2599444958371878,0.10023310023310024,0.07955596669750231,"7.247346383",21,-26.29904913122795,223,0.2062904717853839,397,0.36725254394079554
678882,"Rafaela, Ceddanne",1080,0.903010033444816,742,"70.066287333",0.06759259259259263,0.3045822102425876,0.20925925925925926,0.11455525606469003,0.0787037037037037,"7.461803306",24,-13.811903685330261,338,0.31296296296296294,341,0.31574074074074077
621493,"Ward, Taylor",938,0.9027911453320501,724,"69.828621098",0.08422174840085286,0.3839779005524862,0.29637526652452023,0.1477900552486188,0.1140724946695096,"7.053521119",23,-23.017206461779235,214,0.2281449893390192,375,0.3997867803837953
676914,"Schneider, Davis",685,0.9036939313984169,501,"69.828336482",0.06131386861313869,0.3013972055888224,0.22043795620437956,0.10379241516966067,0.07591240875912408,"6.922219723",25,-24.822034174117803,184,0.2686131386861314,218,0.3182481751824818
518692,"Freeman, Freddie",1029,0.9002624671916011,838,"69.769402993",0.1010689990281827,0.3329355608591885,0.27113702623906705,0.1276849642004773,0.10398445092322643,"6.773679232",10,-15.059202521443483,191,0.18561710398445092,385,0.3741496598639456
593871,"Polanco, Jorge",726,0.9029850746268657,533,"69.740983581",0.0785123966942149,0.31894934333958724,0.23415977961432508,0.1200750469043152,0.0881542699724518,"7.193933526",17,-21.643096179483795,192,0.2644628099173554,238,0.3278236914600551
676609,"Caballero, José",751,0.9004796163069544,549,"69.696699201",0.155792276964048,0.28233151183970856,0.20639147802929428,0.08925318761384335,0.06524633821571238,"6.960196272",18,-19.122498481623886,202,0.26897470039946736,250,0.33288948069241014
680977,"Donovan, Brendan",899,0.9008016032064128,780,"69.625466808",0.07230255839822029,0.40512820512820513,0.3515016685205784,0.13846153846153847,0.12013348164627363,"6.890205973",14,-17.74426564644954,119,0.13236929922135707,453,0.5038932146829811
608385,"Winker, Jesse",757,0.907673860911271,626,"69.543654518",0.07397622192866579,0.3226837060702875,0.2668428005284016,0.1134185303514377,0.09379128137384413,"7.289593989",18,-9.933189572651319,131,0.17305151915455746,288,0.380449141347424
677587,"Rocchio, Brayan",649,0.903899721448468,499,"69.499249137",0.03235747303543915,0.3046092184368738,0.23420647149460708,0.07414829659318638,0.05701078582434515,"7.29060473",9,-29.91455245259227,150,0.23112480739599384,255,0.3929121725731895
687462,"Horwitz, Spencer",629,0.9011461318051576,514,"69.496512973",0.09538950715421302,0.3346303501945525,0.27344992050874406,0.11089494163424124,0.09062003179650238,"6.998690397",10,-8.584040137464829,115,0.18282988871224165,234,0.37201907790143085
630105,"Cronenworth, Jake",1001,0.8985637342908438,836,"69.450343107",0.06293706293706293,0.3181818181818182,0.26573426573426573,0.11842105263157894,0.0989010989010989,"7.07888997",11,-25.24365064411988,165,0.16483516483516483,387,0.3866133866133866
663368,"Perkins, Blake",622,0.9093567251461988,450,"69.427623842",0.03215434083601287,0.42444444444444446,0.3070739549839228,0.12666666666666668,0.09163987138263666,"7.302026158",13,-18.71050971003404,172,0.2765273311897106,247,0.3971061093247588
514888,"Altuve, Jose",1007,0.8991071428571429,791,"69.409635541",0.1300893743793446,0.3324905183312263,0.2611717974180735,0.0897597977243995,0.070506454816286,"7.784342234",10,-17.939845016663146,216,0.21449851042701093,397,0.394240317775571
643289,"Dubón, Mauricio",752,0.9038461538461539,620,"69.399416902",0.06648936170212766,0.33225806451612905,0.27393617021276595,0.06774193548387097,0.05585106382978723,"7.62454883",14,-18.872171971776666,132,0.17553191489361702,312,0.4148936170212766
683011,"Volpe, Anthony",1119,0.8966346153846154,884,"69.309547131",0.036639857015192144,0.3223981900452489,0.2546916890080429,0.09954751131221719,0.07864164432529044,"7.075967989",28,-36.33495513493081,235,0.21000893655049152,423,0.3780160857908847
645277,"Albies, Ozzie",759,0.9046483909415971,617,"69.090365995",0.07509881422924906,0.33063209076175043,0.26877470355731226,0.08103727714748785,0.06587615283267458,"7.21294747",7,-23.29926064023952,142,0.18708827404479578,276,0.36363636363636365
668939,"Rutschman, Adley",982,0.9000916590284143,827,"69.07486558",0.06415478615071285,0.3567110036275695,0.3004073319755601,0.10640870616686819,0.08961303462321792,"6.939966446",9,-16.897552302580124,155,0.15784114052953158,408,0.4154786150712831
605141,"Betts, Mookie",637,0.8984485190409027,559,"68.995526813",0.09576138147566719,0.42397137745974955,0.37205651491365777,0.11806797853309481,0.10361067503924647,"6.913299827",19,-13.150571334508761,78,0.12244897959183673,322,0.5054945054945055
641355,"Bellinger, Cody",891,0.9,708,"68.973726072",0.0516273849607183,0.3855932203389831,0.3063973063973064,0.09745762711864407,0.07744107744107744,"7.611819248",22,-5.83251892521006,183,0.2053872053872054,380,0.4264870931537598
643446,"McNeil, Jeff",802,0.9051918735891648,684,"68.801503878",0.053615960099750636,0.32456140350877194,0.27680798004987534,0.0804093567251462,0.0685785536159601,"7.2238249",23,-16.77843648645564,118,0.14713216957605985,318,0.39650872817955113
676694,"Meyers, Jake",713,0.9013906447534766,538,"68.622236858",0.07854137447405335,0.3159851301115242,0.23842917251051893,0.10594795539033457,0.07994389901823282,"7.002006466",30,-28.538627817894692,175,0.24544179523141654,274,0.38429172510518933
600869,"Candelario, Jeimer",752,0.9005988023952096,543,"68.446305997",0.050531914893617004,0.3425414364640884,0.2473404255319149,0.09944751381215469,0.07180851063829788,"7.808011396",18,-8.266213508625263,209,0.2779255319148936,269,0.35771276595744683
592192,"Canha, Mark",678,0.9027962716378163,540,"68.438491652",0.03982300884955751,0.3648148148148148,0.29056047197640117,0.10555555555555556,0.084070796460177,"7.218751932",14,-22.645755594304628,138,0.20353982300884957,262,0.3864306784660767
543760,"Semien, Marcus",1112,0.8996763754045307,909,"68.339320989",0.04226618705035973,0.37513751375137516,0.3066546762589928,0.11991199119911991,0.09802158273381295,"7.656665719",27,-33.79027306851715,203,0.18255395683453238,482,0.43345323741007197
657077,"Verdugo, Alex",844,0.9046087888531619,709,"68.335839206",0.07464454976303318,0.39774330042313116,0.3341232227488152,0.10860366713681241,0.09123222748815166,"6.317391896",5,-38.198936754983414,135,0.15995260663507108,384,0.4549763033175355
680474,"Schuemann, Max",665,0.8998646820027063,488,"68.329675398",0.02105263157894738,0.38729508196721313,0.28421052631578947,0.08811475409836066,0.06466165413533835,"6.667583128",15,-28.225028604752644,177,0.2661654135338346,253,0.3804511278195489
665926,"Giménez, Andrés",1098,0.9007383100902379,841,"68.263724381",0.06921675774134793,0.31747919143876335,0.24316939890710382,0.07728894173602854,0.05919854280510018,"7.007848725",12,-46.14290077065204,257,0.23406193078324225,395,0.35974499089253187
663538,"Hoerner, Nico",950,0.9021842355175689,851,"68.216665105",0.028421052631578948,0.3537015276145711,0.31684210526315787,0.07168037602820211,0.06421052631578947,"7.132460295",11,-15.844731772975084,99,0.10421052631578948,453,0.4768421052631579
670623,"Paredes, Isaac",1069,0.8998316498316499,897,"68.202566969",0.047708138447146865,0.2887402452619844,0.2422825070159027,0.06465997770345597,0.05425631431244153,"7.997963976",13,-24.770408073248813,172,0.16089803554724041,381,0.35640785781103834
681082,"Stott, Bryson",859,0.90041928721174,736,"68.190751828",0.018626309662398133,0.35190217391304346,0.30151338766006985,0.08831521739130435,0.07566938300349244,"7.071885937",22,-23.609711733462753,123,0.14318975552968569,376,0.43771827706635624
570482,"Urshela, Gio",800,0.9009009009009009,647,"68.189103375",0.04125000000000001,0.357032457496136,0.28875,0.09119010819165378,0.07375,"7.1262678",10,-19.86318701282734,153,0.19125,334,0.4175
696285,"Young, Jacob",707,0.8994910941475827,582,"68.17035116",0.014144271570014142,0.35738831615120276,0.2942008486562942,0.08934707903780069,0.07355021216407355,"6.93405826",20,-20.05335218236251,125,0.1768033946251768,320,0.4526166902404526
643217,"Benintendi, Andrew",809,0.9008908685968819,649,"68.037030803",0.009888751545117432,0.3975346687211094,0.3189122373300371,0.09090909090909091,0.07292954264524104,"6.708010865",12,-23.103850996295897,160,0.19777503090234858,344,0.4252163164400494
669257,"Smith, Will",842,0.8976545842217484,683,"67.854933052",0.030878859857482188,0.33382137628111275,0.27078384798099764,0.10688140556368961,0.08669833729216152,"7.167339905",27,-25.086870097760645,159,0.18883610451306412,308,0.3657957244655582
453568,"Blackmon, Charlie",760,0.8994082840236687,617,"67.416142632",0.023684210526315794,0.293354943273906,0.2381578947368421,0.06645056726094004,0.05394736842105263,"7.146954237",5,-15.355582477845436,143,0.1881578947368421,301,0.3960526315789474
664983,"McCarthy, Jake",720,0.9,601,"67.344801611",0.030555555555555558,0.3178036605657238,0.2652777777777778,0.06821963394342762,0.05694444444444444,"6.718087556",12,-14.799402995898495,119,0.16527777777777777,308,0.42777777777777776
643396,"Kiner-Falefa, Isiah",649,0.9001386962552012,557,"67.024680971",0.02157164869029277,0.40933572710951527,0.35130970724191063,0.10053859964093358,0.08628659476117104,"6.822551125",11,-10.86268728390413,92,0.14175654853620956,330,0.5084745762711864
676391,"Clement, Ernie",689,0.9006535947712418,609,"66.757066662",0.010159651669085633,0.41707717569786534,0.3686502177068215,0.06896551724137931,0.06095791001451379,"6.817448171",13,-2.8443109591564077,80,0.11611030478955008,348,0.5050798258345428
668942,"Rojas, Josh",726,0.8996282527881041,562,"66.577504601",0.008264462809917354,0.37544483985765126,0.290633608815427,0.099644128113879,0.07713498622589532,"7.254073416",15,-31.727644564162276,164,0.22589531680440772,266,0.36639118457300274
660688,"Ruiz, Keibert",729,0.8988902589395807,652,"66.387764787",0.009602194787379975,0.37883435582822084,0.3388203017832647,0.07975460122699386,0.07133058984910837,"7.093757929",10,-24.423614795232023,77,0.1056241426611797,351,0.48148148148148145
686217,"Frelick, Sal",707,0.9006369426751593,622,"66.265573338",0.025459688826025468,0.36012861736334406,0.31683168316831684,0.05787781350482315,0.05091937765205092,"6.931139618",10,-13.75596238972737,85,0.12022630834512023,338,0.4780763790664781
668930,"Turang, Brice",926,0.8981571290009699,798,"66.164887754",0.03347732181425486,0.3383458646616541,0.2915766738660907,0.06140350877192982,0.052915766738660906,"6.076775292",12,-28.934499501394583,128,0.13822894168466524,373,0.40280777537796975
694384,"Schanuel, Nolan",783,0.9,682,"65.180501494",0.025542784163473827,0.3651026392961877,0.31800766283524906,0.05571847507331378,0.04853128991060025,"6.565545198",13,-17.670546651969058,101,0.12899106002554278,343,0.438058748403576
457759,"Turner, Justin",860,0.899581589958159,738,"65.058389488",0.008139534883720932,0.3252032520325203,0.27906976744186046,0.05013550135501355,0.04302325581395349,"6.334991081",16,-18.688621627881346,122,0.14186046511627906,315,0.36627906976744184
680757,"Kwan, Steven",673,0.9094594594594595,623,"64.427730594",0.004457652303120356,0.4173354735152488,0.3863298662704309,0.06260032102728733,0.05794947994056464,"6.451500728",6,-7.513640171149479,50,0.07429420505200594,344,0.5111441307578009
670032,"Lopez, Nicky",640,0.90014064697609,522,"64.152404",0.004687499999999999,0.39655172413793105,0.3234375,0.03065134099616858,0.025,"6.707619188",16,-29.31595370818124,118,0.184375,274,0.428125
650333,"Arraez, Luis",959,0.9004694835680751,903,"63.149960605",0.002085505735140771,0.45957918050941304,0.43274244004171014,0.046511627906976744,0.043795620437956206,"5.957815558",8,-13.510535282925073,56,0.058394160583941604,493,0.5140771637122002